step	loss
0	0.2762034833431244
1	0.09718170017004013
2	0.0643426924943924
3	0.03696342185139656
4	0.026547007262706757
5	0.025796135887503624
6	0.0236094631254673
7	0.021890943869948387
8	0.02183370105922222
