{
    "train": {
        "loss": 0.04223274067044258
    },
    "eval": {
        "loss": 0.02183370105922222
    },
    "dice_multi": 0.9025754121817102,
    "step": 8
}
